URL,Last crawled
https://mypen.ge/blog/save-tokens-on-mypen,2025-12-06
https://mypen.ge/blog/unique-mypenge-prompts,2025-12-01
https://mypen.ge/register,2025-11-08
https://mypen.ge/login,2025-10-30
https://mypen.ge/checkout?tier=ultra&interval=monthly,2025-08-31
https://mypen.ge/checkout?tier=pro&interval=annual,2025-08-16
https://mypen.ge/pricing-plan,2025-08-16
https://mypen.ge/checkout/pro/monthly,2025-08-15
https://mypen.ge/pricing,2025-08-14
https://mypen.ge/check,2025-07-27
https://mypen.ge/translate,2025-07-26
https://mypen.ge/write,2025-07-25