Top pages,Clicks,Impressions,CTR,Position
https://kp.ge/psychology/25-best-psychology-books-2024/,27,362,7.46%,8.52
https://kp.ge/,22,271,8.12%,3.27
https://kp.ge/psychology/famous-psychology-experiments/,18,239,7.53%,5.89
https://kp.ge/psychology/antidepressants-overview-uses-types/,17,569,2.99%,7.27
https://kp.ge/psychology/psychology-degree-options/,14,151,9.27%,5.72
https://kp.ge/psychology/low-self-esteem-signs-and-solutions/,12,117,10.26%,13.01
https://kp.ge/psychology/self-development-skills-2025/,11,49,22.45%,3.04
https://kp.ge/system-constellation-reatreat/,10,266,3.76%,8.1
https://kp.ge/psychology/understanding-aggression-types-management/,10,76,13.16%,14.08
https://kp.ge/psychology/understanding-aggression-emotions/,7,171,4.09%,11.6
https://kp.ge/nugzar-dzidziguri-workshop/,5,103,4.85%,7.03
https://kp.ge/psychology/tvitshefaseba-pirovnuli-girebuleba-cxovrebis-xarisxi/,5,66,7.58%,12.98
https://kp.ge/psychology/introduction-to-psychology/,4,94,4.26%,15.62
https://kp.ge/psychology/self-development-skills-15-essential-skills-2023/,4,63,6.35%,7.16
https://kp.ge/psychology/understanding-aggression-emotions-management/,4,63,6.35%,14.27
https://kp.ge/psychology/fear/,3,50,6%,7.36
https://kp.ge/psychology/social-anxiety-disorder-explained/,2,74,2.7%,26.22
https://kp.ge/psychology/low-self-esteem-improvement-tips/,2,19,10.53%,7.11
https://kp.ge/psychology/anxiety/,1,97,1.03%,35.41
https://kp.ge/blog/famous-psychology-experiments,1,29,3.45%,4.69
https://kp.ge/blog/25-best-psychology-books-2024,1,15,6.67%,15
https://kp.ge/blog/,1,9,11.11%,2.33
https://kp.ge/donations/,1,8,12.5%,7.75
https://kp.ge/?mailpoet_page=captcha,1,2,50%,22.5
https://kp.ge/psychology/understanding-depression-symptoms/,0,57,0%,13.12
https://kp.ge/blog/anxiety,0,30,0%,26.27
https://kp.ge/blog/antidepressants-overview-uses-types,0,27,0%,9.11
https://kp.ge/psychology/social-anxiety-disorder-overview/,0,21,0%,34.95
https://kp.ge/blog/fear,0,15,0%,6
https://kp.ge/blog/social-anxiety-disorder,0,15,0%,56.33
https://kp.ge/psychology/understanding-depression-symptoms-treatment/,0,13,0%,39.62
https://kp.ge/psychology/why-intelligence-is-not-the-same-for-everyone/,0,12,0%,10.25
https://kp.ge/privacy-policy/,0,10,0%,5.2
https://kp.ge/blog/social-anxiety-disorder-explained,0,10,0%,24.1
https://kp.ge/blog/introduction-to-psychology,0,9,0%,8.67
https://kp.ge/awareness-seminar/,0,9,0%,9.22
https://kp.ge/blog/understanding-aggression-emotions,0,8,0%,13
https://kp.ge/psychology/social-anxiety-disorder/,0,7,0%,6.86
https://kp.ge/workshop-booking/,0,7,0%,8.57
https://kp.ge/contact-us/,0,6,0%,6.33
https://kp.ge/blog/why-intelligence-is-not-the-same-for-everyone,0,6,0%,7.83
https://kp.ge/invoice/,0,4,0%,4
https://kp.ge/category/psychology/,0,4,0%,6
https://kp.ge/terms-of-service/,0,4,0%,7.75
https://kp.ge/blog/understanding-aggression-types-management,0,4,0%,68.25
https://kp.ge/blog/low-self-esteem-signs-and-solutions,0,3,0%,8.33
https://kp.ge/seminars/nugzar-dzidziguri-workshop,0,3,0%,9.67
https://kp.ge/blog/tvitshefaseba-pirovnuli-girebuleba-cxovrebis-xarisxi,0,3,0%,12.33
https://kp.ge/tag/self-esteem/,0,3,0%,12.67
https://kp.ge/category/psychology/self-esteem/,0,3,0%,62.33
https://kp.ge/blog,0,2,0%,4.5
https://kp.ge/blog/self-development-skills-2025,0,2,0%,5
https://kp.ge/psychology/learning-styles-jung-theory/,0,1,0%,4
https://kp.ge/blog/learning-styles-jung-theory,0,1,0%,9
https://kp.ge/blog/psychology-degree-options,0,1,0%,10
https://kp.ge/blog/page/2/,0,1,0%,15
https://kp.ge/blog/?e-page-529ced4=2,0,1,0%,35